1.Write a query that counts all orders for October 3
mysql> SELECT COUNT(*) AS TotalOrders
    -> FROM orders
    -> WHERE Odate = '1990-10-03';
+-------------+
| TotalOrders |
+-------------+
|           5 |
+-------------+
1 row in set (0.01 sec)

2.Write a query that counts the number of different non-NULL city values in the Customers table.
mysql> SELECT COUNT(DISTINCT City) AS UniqueCityCount
    -> FROM customers
    -> WHERE City IS NOT NULL;
+-----------------+
| UniqueCityCount |
+-----------------+
|               4 |
+-----------------+

3.Write a query that selects each customerâ€™s smallest order
mysql> SELECT o.Cnum, MIN(o.Amt) AS SmallestOrder
    -> FROM orders o
    -> GROUP BY o.Cnum;
+------+---------------+
| Cnum | SmallestOrder |
+------+---------------+
| 2008 |         18.69 |
| 2001 |        767.19 |
| 2007 |       1900.10 |
| 2003 |       5160.45 |
| 2002 |       1713.23 |
| 2004 |         75.75 |
| 2006 |       4723.00 |
+------+---------------+
7 rows in set (0.01 sec)

4.Write a query that selects the highest rating in each city.

mysql> SELECT City, MAX(Rating) AS HighestRating
    -> FROM customers
    -> GROUP BY City;
+----------+---------------+
| City     | HighestRating |
+----------+---------------+
| London   |           100 |
| Rome     |           200 |
| San Jose |           300 |
| Berlin   |           300 |
+----------+---------------+
4 rows in set (0.00 sec)

5.Write a query that counts the number of salespeople registering orders for each day. (If a salesperson has more than one order on a given day, he or she should be counted only once.).

mysql> SELECT Odate, COUNT(DISTINCT Snum) AS UniqueSalespeople
    -> FROM orders
    -> GROUP BY Odate;
+------------+-------------------+
| Odate      | UniqueSalespeople |
+------------+-------------------+
| 1990-10-03 |                 4 |
| 1990-10-04 |                 2 |
| 1990-10-05 |                 1 |
| 1990-10-06 |                 2 |
+------------+-------------------+
4 rows in set (0.00 sec)